ts_epoch,ts,offset,step,score,monitor_id,monitor_name,rtt,leap,error
1790000000,2026-09-21 00:00:00,0.001000,1,20,1,mon-b,12.5,,
1790000060,2026-09-21 00:00:00,0.001010,1,20,1,mon-a,12.5,,
1790000120,2026-09-21 00:00:00,0.001020,1,20,1,mon-b,12.5,,
1790000180,2026-09-21 00:00:00,0.001030,1,20,1,mon-a,12.5,,
1790000240,2026-09-21 00:00:00,0.001040,1,20,1,mon-b,12.5,,
1790000300,2026-09-21 00:00:00,0.001050,1,20,1,mon-a,12.5,,
1790000360,2026-09-21 00:00:00,0.001060,1,20,1,mon-b,12.5,,
1790000420,2026-09-21 00:00:00,0.001070,1,20,1,mon-a,12.5,,
1790000480,2026-09-21 00:00:00,0.001080,1,20,1,mon-b,12.5,,
1790000540,2026-09-21 00:00:00,0.001090,1,20,1,mon-a,12.5,,
1790000600,2026-09-21 00:00:00,0.001100,1,20,1,mon-b,12.5,,
1790000660,2026-09-21 00:00:00,0.001110,1,20,1,mon-a,12.5,,
1790000720,2026-09-21 00:00:00,0.001120,1,20,1,mon-b,12.5,,
1790000780,2026-09-21 00:00:00,0.001130,1,20,1,mon-a,12.5,,
1790000840,2026-09-21 00:00:00,0.001140,1,20,1,mon-b,12.5,,
1790000900,2026-09-21 00:00:00,0.001150,1,20,1,mon-a,12.5,,
1790000960,2026-09-21 00:00:00,0.001160,1,20,1,mon-b,12.5,,
1790001020,2026-09-21 00:00:00,0.001170,1,20,1,mon-a,12.5,,
1790001080,2026-09-21 00:00:00,0.001180,1,20,1,mon-b,12.5,,
1790001140,2026-09-21 00:00:00,0.001190,1,20,1,mon-a,12.5,,
1790001200,2026-09-21 00:00:00,0.001200,1,20,1,mon-b,12.5,,
1790001260,2026-09-21 00:00:00,0.001210,1,20,1,mon-a,12.5,,
1790001320,2026-09-21 00:00:00,0.001220,1,20,1,mon-b,12.5,,
1790001380,2026-09-21 00:00:00,0.001230,1,20,1,mon-a,12.5,,
1790001440,2026-09-21 00:00:00,0.001240,1,20,1,mon-b,12.5,,
1790001500,2026-09-21 00:00:00,0.001250,1,20,1,mon-a,12.5,,
1790001560,2026-09-21 00:00:00,0.001260,1,20,1,mon-b,12.5,,
1790001620,2026-09-21 00:00:00,0.001270,1,20,1,mon-a,12.5,,
1790001680,2026-09-21 00:00:00,0.001280,1,20,1,mon-b,12.5,,
1790001740,2026-09-21 00:00:00,0.001290,1,20,1,mon-a,12.5,,
1790001800,2026-09-21 00:00:00,0.001300,1,20,1,mon-b,12.5,,
1790001860,2026-09-21 00:00:00,0.001310,1,20,1,mon-a,12.5,,
1790001920,2026-09-21 00:00:00,0.001320,1,20,1,mon-b,12.5,,
1790001980,2026-09-21 00:00:00,0.001330,1,20,1,mon-a,12.5,,
1790002040,2026-09-21 00:00:00,0.001340,1,20,1,mon-b,12.5,,
1790002100,2026-09-21 00:00:00,0.001350,1,20,1,mon-a,12.5,,
1790002160,2026-09-21 00:00:00,0.001360,1,20,1,mon-b,12.5,,
1790002220,2026-09-21 00:00:00,0.001370,1,20,1,mon-a,12.5,,
1790002280,2026-09-21 00:00:00,0.001380,1,20,1,mon-b,12.5,,
1790002340,2026-09-21 00:00:00,0.001390,1,20,1,mon-a,12.5,,
1790002400,2026-09-21 00:00:00,,-5,15,1,mon-a,,,i/o timeout
