unix_time,offset
1790000001.000,1.0213e-09
1790000002.000,-2.4899e-09
1790000003.000,3.8581e-09
1790000004.000,3.7068e-10
1790000005.000,-2.8836e-09
1790000006.000,-2.9265e-09
1790000007.000,3.7368e-09
1790000008.000,9.5678e-10
1790000009.000,2.0904e-10
1790000010.000,-3.4037e-09
1790000011.000,1.7437e-09
1790000012.000,-3.6092e-10
1790000013.000,2.3073e-10
1790000014.000,-3.6014e-09
1790000015.000,3.3474e-09
1790000016.000,-4.3963e-10
1790000017.000,-1.9115e-09
1790000018.000,-3.0066e-09
1790000019.000,4.2613e-09
1790000020.000,-4.1218e-10
1790000021.000,-2.9833e-09
1790000022.000,-3.3501e-09
1790000023.000,2.7252e-09
1790000024.000,-5.3124e-12
1790000025.000,-1.3748e-10
1790000026.000,-5.7824e-09
1790000027.000,1.1926e-09
1790000028.000,1.5894e-10
1790000029.000,-2.9488e-09
1790000030.000,-3.5761e-09
1790000031.000,1.9862e-09
1790000032.000,-2.7600e-10
1790000033.000,1.0084e-09
1790000034.000,-5.0730e-09
1790000035.000,1.7761e-09
1790000036.000,5.6116e-10
1790000037.000,-3.0352e-09
1790000038.000,-4.0660e-09
1790000039.000,2.8611e-09
1790000040.000,-4.6498e-14
1790000041.000,-1.2629e-09
1790000042.000,-4.6846e-09
1790000043.000,1.4172e-09
1790000044.000,1.8916e-09
1790000045.000,-1.6845e-09
1790000046.000,-3.0815e-09
1790000047.000,-7.0235e-09
1790000048.000,-4.3443e-10
1790000049.000,-5.0839e-10
1790000050.000,-3.4768e-09
1790000051.000,-6.9021e-09
1790000052.000,-2.0731e-10
1790000053.000,-1.0078e-09
1790000054.000,-8.3584e-10
1790000055.000,-3.8370e-09
1790000056.000,-7.0968e-09
1790000057.000,-3.7082e-12
1790000058.000,-1.7928e-09
1790000059.000,-5.7184e-09
1790000060.000,-5.5549e-09
1790000061.000,3.2171e-10
1790000062.000,-1.2952e-09
1790000063.000,-3.9997e-09
1790000064.000,-4.3402e-09
1790000065.000,-7.1615e-09
1790000066.000,-1.3708e-09
1790000067.000,-7.8404e-11
1790000068.000,-4.6997e-09
1790000069.000,-7.7071e-09
1790000070.000,1.4925e-09
1790000071.000,-3.0005e-10
1790000072.000,-5.0315e-09
1790000073.000,-6.2464e-09
1790000074.000,-7.7088e-09
1790000075.000,-1.7720e-09
1790000076.000,-4.7944e-09
1790000077.000,-6.3019e-09
1790000078.000,-4.1450e-09
1790000079.000,-1.2446e-09
1790000080.000,-3.0450e-09
1790000081.000,-3.2658e-09
1790000082.000,-6.6924e-09
1790000083.000,-6.8356e-10
1790000084.000,-2.9393e-09
1790000085.000,-2.9064e-09
1790000086.000,-5.0382e-09
1790000087.000,-5.8674e-09
1790000088.000,-1.5965e-09
1790000089.000,-1.3829e-09
1790000090.000,-4.6217e-09
1790000091.000,-7.2924e-09
1790000092.000,8.4765e-11
1790000093.000,-2.0457e-09
1790000094.000,-4.0245e-09
1790000095.000,-7.1850e-09
1790000096.000,-3.1720e-10
1790000097.000,-2.3256e-09
1790000098.000,-3.0707e-09
1790000099.000,-4.3435e-09
1790000100.000,-6.9043e-09
1790000101.000,-1.0327e-09
1790000102.000,-2.5988e-09
1790000103.000,-4.4010e-09
1790000104.000,-8.3051e-09
1790000105.000,-3.1729e-09
1790000106.000,-3.4958e-09
1790000107.000,-3.8438e-09
1790000108.000,-9.0116e-09
1790000109.000,-2.5918e-09
1790000110.000,-3.2802e-09
1790000111.000,-5.9355e-09
1790000112.000,-6.1499e-09
1790000113.000,-1.2117e-09
1790000114.000,-2.2384e-09
1790000115.000,-4.8973e-09
1790000116.000,-6.6953e-09
1790000117.000,-2.4924e-09
1790000118.000,-3.7820e-09
1790000119.000,-7.2391e-09
1790000120.000,-7.6738e-09
1790000121.000,-9.2717e-09
1790000122.000,-2.1535e-09
1790000123.000,-5.7575e-09
1790000124.000,-4.0950e-09
1790000125.000,-6.6325e-09
1790000126.000,-3.1627e-09
1790000127.000,-5.9763e-09
1790000128.000,-7.5541e-09
1790000129.000,-7.2151e-09
1790000130.000,-2.8943e-09
1790000131.000,-3.6429e-09
1790000132.000,-4.5219e-09
1790000133.000,-6.6554e-09
1790000134.000,-8.2472e-09
1790000135.000,-4.5872e-09
1790000136.000,-4.1201e-09
1790000137.000,-6.0021e-09
1790000138.000,-7.5313e-09
1790000139.000,-1.5824e-09
1790000140.000,-5.9425e-09
1790000141.000,-9.2599e-09
1790000142.000,-7.7589e-09
1790000143.000,-1.4247e-10
1790000144.000,-4.9255e-09
1790000145.000,-6.7269e-09
1790000146.000,-7.5313e-09
1790000147.000,-8.2226e-09
1790000148.000,-2.5397e-09
1790000149.000,-6.5731e-09
1790000150.000,-7.5138e-09
1790000151.000,-9.4265e-09
1790000152.000,-2.0493e-09
1790000153.000,-3.7499e-09
1790000154.000,-7.4831e-09
1790000155.000,-9.3452e-09
1790000156.000,-2.0009e-09
1790000157.000,-4.6198e-09
1790000158.000,-7.1506e-09
1790000159.000,-8.6257e-09
1790000160.000,-9.3671e-09
1790000161.000,-4.2993e-09
1790000162.000,-5.8925e-09
1790000163.000,-8.5056e-09
1790000164.000,-8.6966e-09
1790000165.000,-3.8206e-09
1790000166.000,-4.7683e-09
1790000167.000,-6.6674e-09
1790000168.000,-9.2144e-09
1790000169.000,-1.1524e-08
1790000170.000,-4.4385e-09
1790000171.000,-6.5576e-09
1790000172.000,-6.6558e-09
1790000173.000,-1.0649e-08
1790000174.000,-2.5437e-09
1790000175.000,-3.7687e-09
1790000176.000,-6.2688e-09
1790000177.000,-8.0142e-09
1790000178.000,-1.1026e-08
1790000179.000,-3.8964e-09
1790000180.000,-5.6643e-09
1790000181.000,-9.7523e-09
1790000182.000,-9.9383e-09
1790000183.000,-1.2654e-08
1790000184.000,-7.0997e-09
1790000185.000,-6.6277e-09
1790000186.000,-7.7018e-09
1790000187.000,-1.0760e-08
1790000188.000,-1.1070e-08
1790000189.000,-4.7424e-09
1790000190.000,-7.0072e-09
1790000191.000,-9.4165e-09
1790000192.000,-9.7437e-09
1790000193.000,-2.1392e-09
1790000194.000,-8.4492e-09
1790000195.000,-6.9524e-09
1790000196.000,-1.0974e-08
1790000197.000,-1.0260e-08
1790000198.000,-3.8080e-09
1790000199.000,-7.2823e-09
1790000200.000,-9.1414e-09
1790000201.000,-1.0415e-08
1790000202.000,-1.1932e-08
1790000203.000,-6.0257e-09
1790000204.000,-6.1665e-09
1790000205.000,-1.1223e-08
1790000206.000,-1.1622e-08
1790000207.000,-1.1996e-08
1790000208.000,-6.8347e-09
1790000209.000,-8.4769e-09
1790000210.000,-1.0243e-08
1790000211.000,-1.0426e-08
1790000212.000,-4.4230e-09
1790000213.000,-8.5144e-09
1790000214.000,-1.0046e-08
1790000215.000,-1.0928e-08
1790000216.000,-1.2344e-08
1790000217.000,-4.8203e-09
1790000218.000,-7.8340e-09
1790000219.000,-7.9097e-09
1790000220.000,-9.1293e-09
1790000221.000,-1.4212e-08
1790000222.000,-6.8391e-09
1790000223.000,-7.6309e-09
1790000224.000,-1.0380e-08
1790000225.000,-1.2174e-08
1790000226.000,-7.0044e-09
1790000227.000,-9.0584e-09
1790000228.000,-9.9986e-09
1790000229.000,-1.0934e-08
1790000230.000,-1.5324e-08
1790000231.000,-8.0650e-09
1790000232.000,-7.5599e-09
1790000233.000,-1.1826e-08
1790000234.000,-1.3236e-08
1790000235.000,-6.3192e-09
1790000236.000,-8.3306e-09
1790000237.000,-1.0925e-08
1790000238.000,-1.2739e-08
1790000239.000,-1.2426e-08
1790000240.000,-9.0808e-09
1790000241.000,-1.1200e-08
1790000242.000,-9.8410e-09
1790000243.000,-1.1283e-08
1790000244.000,-1.5618e-08
1790000245.000,-7.1082e-09
1790000246.000,-9.3784e-09
1790000247.000,-1.1546e-08
1790000248.000,-1.2944e-08
1790000249.000,-1.2509e-08
1790000250.000,-7.5355e-09
1790000251.000,-9.5213e-09
1790000252.000,-1.1218e-08
1790000253.000,-1.4269e-08
1790000254.000,-1.5800e-08
1790000255.000,-9.2739e-09
1790000256.000,-1.1795e-08
1790000257.000,-1.1752e-08
1790000258.000,-1.2661e-08
1790000259.000,-1.5882e-08
1790000260.000,-1.0338e-08
1790000261.000,-1.1879e-08
1790000262.000,-1.0615e-08
1790000263.000,-1.5011e-08
1790000264.000,-1.7463e-08
1790000265.000,-1.1484e-08
1790000266.000,-1.2096e-08
1790000267.000,-1.1900e-08
1790000268.000,-1.3702e-08
1790000269.000,-8.2562e-09
1790000270.000,-1.1693e-08
1790000271.000,-1.1596e-08
1790000272.000,-1.4627e-08
1790000273.000,-1.5413e-08
1790000274.000,-7.2902e-09
1790000275.000,-1.1952e-08
1790000276.000,-1.5113e-08
1790000277.000,-1.3000e-08
1790000278.000,-1.7288e-08
1790000279.000,-1.1062e-08
1790000280.000,-1.4590e-08
1790000281.000,-1.3502e-08
1790000282.000,-1.4813e-08
1790000283.000,-1.7635e-08
1790000284.000,-1.0279e-08
1790000285.000,-1.3676e-08
1790000286.000,-1.3275e-08
1790000287.000,-1.5540e-08
1790000288.000,-1.6063e-08
1790000289.000,-1.3773e-08
1790000290.000,-1.4930e-08
1790000291.000,-1.3946e-08
1790000292.000,-1.6219e-08
1790000293.000,-1.9365e-08
1790000294.000,-1.1790e-08
1790000295.000,-1.2370e-08
1790000296.000,-1.3754e-08
1790000297.000,-1.6436e-08
1790000298.000,-1.8153e-08
1790000299.000,-1.1264e-08
1790000300.000,-1.3595e-08
1790000301.000,-1.2735e-08
1790000302.000,-1.7209e-08
1790000303.000,-1.8204e-08
1790000304.000,-1.2044e-08
1790000305.000,-1.1497e-08
1790000306.000,-1.5635e-08
1790000307.000,-1.5488e-08
1790000308.000,-1.8281e-08
1790000309.000,-2.0398e-08
1790000310.000,-1.5907e-08
1790000311.000,-1.5163e-08
1790000312.000,-1.4628e-08
1790000313.000,-1.9063e-08
1790000314.000,-2.3490e-08
1790000315.000,-1.3290e-08
1790000316.000,-1.6739e-08
1790000317.000,-1.8937e-08
1790000318.000,-1.9071e-08
1790000319.000,-2.1751e-08
1790000320.000,-1.2522e-08
1790000321.000,-1.5253e-08
1790000322.000,-1.6481e-08
1790000323.000,-1.9576e-08
1790000324.000,-2.0569e-08
1790000325.000,-1.4850e-08
1790000326.000,-1.5495e-08
1790000327.000,-2.0078e-08
1790000328.000,-1.9120e-08
1790000329.000,-1.9596e-08
1790000330.000,-1.2471e-08
1790000331.000,-1.5144e-08
1790000332.000,-1.7660e-08
1790000333.000,-2.1520e-08
1790000334.000,-2.1095e-08
1790000335.000,-1.7244e-08
1790000336.000,-1.7613e-08
1790000337.000,-1.8569e-08
1790000338.000,-2.0401e-08
1790000339.000,-2.0746e-08
1790000340.000,-1.5966e-08
1790000341.000,-1.8832e-08
1790000342.000,-1.9780e-08
1790000343.000,-2.1960e-08
1790000344.000,-2.1473e-08
1790000345.000,-1.8325e-08
1790000346.000,-1.8971e-08
1790000347.000,-1.9001e-08
1790000348.000,-2.2973e-08
1790000349.000,-1.5393e-08
1790000350.000,-1.7634e-08
1790000351.000,-1.9830e-08
1790000352.000,-2.3302e-08
1790000353.000,-2.2884e-08
1790000354.000,-1.7418e-08
1790000355.000,-1.8071e-08
1790000356.000,-2.1888e-08
1790000357.000,-2.1175e-08
1790000358.000,-2.2747e-08
1790000359.000,-1.5530e-08
1790000360.000,-1.9507e-08
1790000361.000,-2.1364e-08
1790000362.000,-2.1232e-08
1790000363.000,-2.5341e-08
1790000364.000,-1.8716e-08
1790000365.000,-1.9702e-08
1790000366.000,-2.2339e-08
1790000367.000,-2.0934e-08
1790000368.000,-2.3251e-08
1790000369.000,-2.0729e-08
1790000370.000,-2.2474e-08
1790000371.000,-2.2398e-08
1790000372.000,-2.2662e-08
1790000373.000,-2.4149e-08
1790000374.000,-1.7135e-08
1790000375.000,-2.0150e-08
1790000376.000,-2.3554e-08
1790000377.000,-2.3477e-08
1790000378.000,-1.8981e-08
1790000379.000,-2.0187e-08
1790000380.000,-2.2810e-08
1790000381.000,-2.3567e-08
1790000382.000,-2.4816e-08
1790000383.000,-1.8502e-08
1790000384.000,-1.7413e-08
1790000385.000,-2.1092e-08
1790000386.000,-2.2406e-08
1790000387.000,-2.4415e-08
1790000388.000,-1.6415e-08
1790000389.000,-2.1133e-08
1790000390.000,-2.0823e-08
1790000391.000,-2.4423e-08
1790000392.000,-2.5270e-08
1790000393.000,-1.8154e-08
1790000394.000,-2.1944e-08
1790000395.000,-2.2492e-08
1790000396.000,-2.3691e-08
1790000397.000,-2.4752e-08
1790000398.000,-1.9187e-08
1790000399.000,-1.7292e-08
1790000400.000,-2.0159e-08
1790000401.000,-2.6874e-08
1790000402.000,-2.5817e-08
1790000403.000,-1.9077e-08
1790000404.000,-2.1101e-08
1790000405.000,-2.1516e-08
1790000406.000,-2.8378e-08
1790000407.000,-2.7864e-08
1790000408.000,-1.8414e-08
1790000409.000,-2.0595e-08
1790000410.000,-2.1066e-08
1790000411.000,-2.3447e-08
1790000412.000,-2.8600e-08
1790000413.000,-1.9456e-08
1790000414.000,-2.2789e-08
1790000415.000,-2.3824e-08
1790000416.000,-2.5591e-08
1790000417.000,-2.7923e-08
1790000418.000,-2.1482e-08
1790000419.000,-2.1513e-08
1790000420.000,-2.4698e-08
1790000421.000,-2.5336e-08
1790000422.000,-2.6508e-08
1790000423.000,-2.1226e-08
1790000424.000,-2.2469e-08
1790000425.000,-2.2435e-08
1790000426.000,-2.7423e-08
1790000427.000,-2.7747e-08
1790000428.000,-2.2207e-08
1790000429.000,-2.1912e-08
1790000430.000,-2.0443e-08
1790000431.000,-2.6561e-08
1790000432.000,-2.5210e-08
1790000433.000,-2.6473e-08
1790000434.000,-2.4190e-08
1790000435.000,-2.4724e-08
1790000436.000,-2.4589e-08
1790000437.000,-2.7335e-08
1790000438.000,-2.7337e-08
1790000439.000,-2.7514e-08
1790000440.000,-2.1824e-08
1790000441.000,-2.4337e-08
1790000442.000,-2.4994e-08
1790000443.000,-2.6687e-08
1790000444.000,-3.0089e-08
1790000445.000,-2.2816e-08
1790000446.000,-2.3061e-08
1790000447.000,-2.5148e-08
1790000448.000,-2.6263e-08
1790000449.000,-2.7160e-08
1790000450.000,-2.4639e-08
1790000451.000,-2.1519e-08
1790000452.000,-2.7207e-08
1790000453.000,-2.6485e-08
1790000454.000,-2.7918e-08
1790000455.000,-2.9893e-08
1790000456.000,-2.3088e-08
1790000457.000,-2.5608e-08
1790000458.000,-2.7387e-08
1790000459.000,-2.8335e-08
1790000460.000,-2.9636e-08
1790000461.000,-2.4289e-08
1790000462.000,-2.4628e-08
1790000463.000,-2.7648e-08
1790000464.000,-2.8976e-08
1790000465.000,-3.0029e-08
1790000466.000,-2.2870e-08
1790000467.000,-2.5360e-08
1790000468.000,-2.6289e-08
1790000469.000,-2.6426e-08
1790000470.000,-3.0569e-08
1790000471.000,-2.2120e-08
1790000472.000,-2.6887e-08
1790000473.000,-2.6232e-08
1790000474.000,-2.8893e-08
1790000475.000,-2.7763e-08
1790000476.000,-2.4554e-08
1790000477.000,-2.6565e-08
1790000478.000,-2.5922e-08
1790000479.000,-2.8331e-08
1790000480.000,-3.0465e-08
1790000481.000,-2.7187e-08
1790000482.000,-2.5433e-08
1790000483.000,-2.7764e-08
1790000484.000,-2.9070e-08
1790000485.000,-3.1782e-08
1790000486.000,-2.2780e-08
1790000487.000,-2.6063e-08
1790000488.000,-2.8003e-08
1790000489.000,-3.1213e-08
1790000490.000,-3.1274e-08
1790000491.000,-2.6062e-08
1790000492.000,-2.4825e-08
1790000493.000,-2.7869e-08
1790000494.000,-3.0509e-08
1790000495.000,-3.1720e-08
1790000496.000,-2.3511e-08
1790000497.000,-2.6929e-08
1790000498.000,-2.8832e-08
1790000499.000,-2.8257e-08
1790000500.000,-2.3731e-08
1790000501.000,-2.4800e-08
1790000502.000,-2.8024e-08
1790000503.000,-2.9693e-08
1790000504.000,-2.9990e-08
1790000505.000,-2.4725e-08
1790000506.000,-2.6003e-08
1790000507.000,-2.8307e-08
1790000508.000,-2.9883e-08
1790000509.000,-3.1784e-08
1790000510.000,-2.6959e-08
1790000511.000,-2.5367e-08
1790000512.000,-2.9258e-08
1790000513.000,-3.1585e-08
1790000514.000,-3.1696e-08
1790000515.000,-2.6306e-08
1790000516.000,-2.5628e-08
1790000517.000,-2.7936e-08
1790000518.000,-3.1055e-08
1790000519.000,-3.2995e-08
1790000520.000,-2.4825e-08
1790000521.000,-2.8046e-08
1790000522.000,-3.0387e-08
1790000523.000,-3.2272e-08
1790000524.000,-3.1008e-08
1790000525.000,-2.7456e-08
1790000526.000,-2.8547e-08
1790000527.000,-2.7807e-08
1790000528.000,-2.9259e-08
1790000529.000,-3.3144e-08
1790000530.000,-3.3896e-08
1790000531.000,-2.5560e-08
1790000532.000,-2.7988e-08
1790000533.000,-3.0265e-08
1790000534.000,-3.1032e-08
1790000535.000,-3.2079e-08
1790000536.000,-2.7538e-08
1790000537.000,-2.8990e-08
1790000538.000,-2.7971e-08
1790000539.000,-2.8744e-08
1790000540.000,-3.1361e-08
1790000541.000,-2.6235e-08
1790000542.000,-2.8489e-08
1790000543.000,-2.9211e-08
1790000544.000,-2.9652e-08
1790000545.000,-3.0925e-08
1790000546.000,-3.4104e-08
1790000547.000,-2.7130e-08
1790000548.000,-3.0979e-08
1790000549.000,-3.1027e-08
1790000550.000,-3.0650e-08
1790000551.000,-3.4205e-08
1790000552.000,-2.7181e-08
1790000553.000,-2.8424e-08
1790000554.000,-3.0222e-08
1790000555.000,-3.2749e-08
1790000556.000,-3.5272e-08
1790000557.000,-3.0763e-08
1790000558.000,-3.1262e-08
1790000559.000,-3.1994e-08
1790000560.000,-3.2389e-08
1790000561.000,-3.4716e-08
1790000562.000,-2.7183e-08
1790000563.000,-3.1612e-08
1790000564.000,-3.3822e-08
1790000565.000,-3.2662e-08
1790000566.000,-3.2876e-08
1790000567.000,-2.8369e-08
1790000568.000,-3.0884e-08
1790000569.000,-3.0594e-08
1790000570.000,-3.1473e-08
1790000571.000,-3.6119e-08
1790000572.000,-2.8608e-08
1790000573.000,-2.8559e-08
1790000574.000,-3.1030e-08
1790000575.000,-3.3753e-08
1790000576.000,-3.4739e-08
1790000577.000,-3.6972e-08
1790000578.000,-3.1259e-08
1790000579.000,-3.0616e-08
1790000580.000,-3.4090e-08
1790000581.000,-3.4257e-08
1790000582.000,-3.6800e-08
1790000583.000,-2.8708e-08
1790000584.000,-3.1230e-08
1790000585.000,-3.2714e-08
1790000586.000,-3.5824e-08
1790000587.000,-3.5358e-08
1790000588.000,-2.9707e-08
1790000589.000,-3.1823e-08
1790000590.000,-3.2025e-08
1790000591.000,-3.2996e-08
1790000592.000,-3.3680e-08
1790000593.000,-2.9112e-08
1790000594.000,-3.0570e-08
1790000595.000,-3.3547e-08
1790000596.000,-3.4877e-08
1790000597.000,-3.4280e-08
1790000598.000,-3.7762e-08
1790000599.000,-2.8765e-08
1790000600.000,-3.3916e-08
1790000601.000,-3.4206e-08
1790000602.000,-3.5832e-08
1790000603.000,-3.8006e-08
1790000604.000,-3.1160e-08
1790000605.000,-3.2446e-08
1790000606.000,-3.3647e-08
1790000607.000,-3.5544e-08
1790000608.000,-3.5826e-08
1790000609.000,-2.7620e-08
1790000610.000,-3.1252e-08
1790000611.000,-3.3184e-08
1790000612.000,-3.6510e-08
1790000613.000,-3.7549e-08
1790000614.000,-4.0448e-08
1790000615.000,-3.1350e-08
1790000616.000,-3.5201e-08
1790000617.000,-3.4086e-08
1790000618.000,-3.7303e-08
1790000619.000,-3.7579e-08
1790000620.000,-3.0932e-08
1790000621.000,-3.5240e-08
1790000622.000,-3.5405e-08
1790000623.000,-3.5505e-08
1790000624.000,-3.6855e-08
1790000625.000,-3.8086e-08
1790000626.000,-3.2991e-08
1790000627.000,-3.4245e-08
1790000628.000,-3.3461e-08
1790000629.000,-3.6799e-08
1790000630.000,-3.7540e-08
1790000631.000,-3.2325e-08
1790000632.000,-3.5331e-08
1790000633.000,-3.4384e-08
1790000634.000,-3.5797e-08
1790000635.000,-3.6824e-08
1790000636.000,-4.0504e-08
1790000637.000,-3.3686e-08
1790000638.000,-3.6899e-08
1790000639.000,-3.5039e-08
1790000640.000,-3.6219e-08
1790000641.000,-3.9415e-08
1790000642.000,-3.2546e-08
1790000643.000,-3.3627e-08
1790000644.000,-3.2989e-08
1790000645.000,-3.5235e-08
1790000646.000,-3.6426e-08
1790000647.000,-3.9423e-08
1790000648.000,-3.3284e-08
1790000649.000,-3.2943e-08
1790000650.000,-3.7760e-08
1790000651.000,-3.6877e-08
1790000652.000,-4.0670e-08
1790000653.000,-3.1822e-08
1790000654.000,-3.3673e-08
1790000655.000,-3.6941e-08
1790000656.000,-3.7180e-08
1790000657.000,-4.0431e-08
1790000658.000,-3.3919e-08
1790000659.000,-3.4683e-08
1790000660.000,-3.6782e-08
1790000661.000,-3.6296e-08
1790000662.000,-3.6603e-08
1790000663.000,-3.2747e-08
1790000664.000,-3.4336e-08
1790000665.000,-3.5042e-08
1790000666.000,-3.7960e-08
1790000667.000,-3.8685e-08
1790000668.000,-3.5138e-08
1790000669.000,-3.5377e-08
1790000670.000,-3.8226e-08
1790000671.000,-4.0368e-08
1790000672.000,-3.8569e-08
1790000673.000,-3.3860e-08
1790000674.000,-3.3260e-08
1790000675.000,-3.5000e-08
1790000676.000,-3.8642e-08
1790000677.000,-4.0738e-08
1790000678.000,-3.4852e-08
1790000679.000,-3.8684e-08
1790000680.000,-3.8056e-08
1790000681.000,-3.9419e-08
1790000682.000,-4.1593e-08
1790000683.000,-3.5665e-08
1790000684.000,-3.6265e-08
1790000685.000,-3.8218e-08
1790000686.000,-3.9183e-08
1790000687.000,-4.2187e-08
1790000688.000,-3.2390e-08
1790000689.000,-3.5597e-08
1790000690.000,-3.8147e-08
1790000691.000,-4.0645e-08
1790000692.000,-4.2457e-08
1790000693.000,-3.3976e-08
1790000694.000,-3.7086e-08
1790000695.000,-3.8093e-08
1790000696.000,-3.9244e-08
1790000697.000,-4.1920e-08
1790000698.000,-3.4656e-08
1790000699.000,-3.8840e-08
1790000700.000,-3.9371e-08
1790000701.000,-4.2225e-08
1790000702.000,-4.2173e-08
1790000703.000,-3.5922e-08
1790000704.000,-3.4956e-08
1790000705.000,-3.9698e-08
1790000706.000,-4.0184e-08
1790000707.000,-4.1430e-08
1790000708.000,-3.3889e-08
1790000709.000,-3.6650e-08
1790000710.000,-3.7765e-08
1790000711.000,-3.8010e-08
1790000712.000,-4.3656e-08
1790000713.000,-3.5929e-08
1790000714.000,-3.7328e-08
1790000715.000,-3.8523e-08
1790000716.000,-4.0718e-08
1790000717.000,-4.0106e-08
1790000718.000,-4.3728e-08
1790000719.000,-3.7336e-08
1790000720.000,-3.7650e-08
1790000721.000,-4.0579e-08
1790000722.000,-4.2536e-08
1790000723.000,-4.4411e-08
1790000724.000,-3.6555e-08
1790000725.000,-3.6699e-08
1790000726.000,-3.8477e-08
1790000727.000,-4.0375e-08
1790000728.000,-4.2290e-08
1790000729.000,-3.6625e-08
1790000730.000,-3.7737e-08
1790000731.000,-4.0586e-08
1790000732.000,-4.0538e-08
1790000733.000,-4.1177e-08
1790000734.000,-3.7943e-08
1790000735.000,-3.6042e-08
1790000736.000,-4.1759e-08
1790000737.000,-4.1684e-08
1790000738.000,-4.3524e-08
1790000739.000,-4.4664e-08
1790000740.000,-3.7671e-08
1790000741.000,-3.7352e-08
1790000742.000,-4.1601e-08
1790000743.000,-4.3198e-08
1790000744.000,-4.4525e-08
1790000745.000,-3.7833e-08
1790000746.000,-3.9471e-08
1790000747.000,-4.1832e-08
1790000748.000,-4.1410e-08
1790000749.000,-4.3532e-08
1790000750.000,-3.5685e-08
1790000751.000,-3.6891e-08
1790000752.000,-4.1738e-08
1790000753.000,-3.9612e-08
1790000754.000,-4.2351e-08
1790000755.000,-4.2971e-08
1790000756.000,-3.8142e-08
1790000757.000,-3.8735e-08
1790000758.000,-4.0314e-08
1790000759.000,-4.0960e-08
1790000760.000,-4.4827e-08
1790000761.000,-3.8359e-08
1790000762.000,-3.9509e-08
1790000763.000,-3.9152e-08
1790000764.000,-4.0473e-08
1790000765.000,-4.5119e-08
1790000766.000,-4.4624e-08
1790000767.000,-3.8785e-08
1790000768.000,-4.0619e-08
1790000769.000,-4.1185e-08
1790000770.000,-4.1117e-08
1790000771.000,-4.4153e-08
1790000772.000,-3.8889e-08
1790000773.000,-4.0561e-08
1790000774.000,-4.0633e-08
1790000775.000,-4.2330e-08
1790000776.000,-4.2811e-08
1790000777.000,-4.3966e-08
1790000778.000,-3.8904e-08
1790000779.000,-3.9883e-08
1790000780.000,-4.0014e-08
1790000781.000,-4.2029e-08
1790000782.000,-4.6211e-08
1790000783.000,-4.8309e-08
1790000784.000,-4.1645e-08
1790000785.000,-4.3545e-08
1790000786.000,-4.2531e-08
1790000787.000,-4.6012e-08
1790000788.000,-4.5225e-08
1790000789.000,-4.0543e-08
1790000790.000,-3.9924e-08
1790000791.000,-4.1880e-08
1790000792.000,-4.3974e-08
1790000793.000,-4.5069e-08
1790000794.000,-4.8717e-08
1790000795.000,-4.3451e-08
1790000796.000,-4.2516e-08
1790000797.000,-4.2772e-08
1790000798.000,-4.6328e-08
1790000799.000,-4.5460e-08
1790000800.000,-4.6945e-08
1790000801.000,-4.0928e-08
1790000802.000,-4.2171e-08
1790000803.000,-4.3878e-08
1790000804.000,-4.4979e-08
1790000805.000,-4.8064e-08
1790000806.000,-4.6612e-08
1790000807.000,-4.0826e-08
1790000808.000,-4.1987e-08
1790000809.000,-4.4908e-08
1790000810.000,-4.7131e-08
1790000811.000,-4.5199e-08
1790000812.000,-4.9962e-08
1790000813.000,-4.1964e-08
1790000814.000,-4.3079e-08
1790000815.000,-4.4122e-08
1790000816.000,-4.5340e-08
1790000817.000,-4.7247e-08
1790000818.000,-5.0313e-08
1790000819.000,-4.2384e-08
1790000820.000,-4.3688e-08
1790000821.000,-4.4430e-08
1790000822.000,-4.6466e-08
1790000823.000,-4.6831e-08
1790000824.000,-4.0662e-08
1790000825.000,-4.4746e-08
1790000826.000,-4.4693e-08
1790000827.000,-4.5786e-08
1790000828.000,-4.8598e-08
1790000829.000,-4.7810e-08
1790000830.000,-4.3801e-08
1790000831.000,-4.6231e-08
1790000832.000,-4.8392e-08
1790000833.000,-4.8331e-08
1790000834.000,-4.9971e-08
1790000835.000,-4.3641e-08
1790000836.000,-4.7423e-08
1790000837.000,-4.6447e-08
1790000838.000,-4.6644e-08
1790000839.000,-5.0412e-08
1790000840.000,-4.2593e-08
1790000841.000,-4.5780e-08
1790000842.000,-4.7676e-08
1790000843.000,-4.6794e-08
1790000844.000,-4.9263e-08
1790000845.000,-4.2633e-08
1790000846.000,-4.2583e-08
1790000847.000,-4.6941e-08
1790000848.000,-4.8564e-08
1790000849.000,-4.9953e-08
1790000850.000,-4.2041e-08
1790000851.000,-4.4233e-08
1790000852.000,-4.7986e-08
1790000853.000,-4.9552e-08
1790000854.000,-4.9721e-08
1790000855.000,-4.3231e-08
1790000856.000,-4.4903e-08
1790000857.000,-4.6351e-08
1790000858.000,-4.8832e-08
1790000859.000,-4.9385e-08
1790000860.000,-5.1025e-08
1790000861.000,-4.6442e-08
1790000862.000,-4.8461e-08
1790000863.000,-4.8265e-08
1790000864.000,-5.0667e-08
1790000865.000,-5.3479e-08
1790000866.000,-4.4466e-08
1790000867.000,-4.6378e-08
1790000868.000,-4.6655e-08
1790000869.000,-5.0094e-08
1790000870.000,-5.1509e-08
1790000871.000,-4.6960e-08
1790000872.000,-4.5127e-08
1790000873.000,-4.7724e-08
1790000874.000,-4.9018e-08
1790000875.000,-5.1927e-08
1790000876.000,-5.3337e-08
1790000877.000,-4.6446e-08
1790000878.000,-4.9301e-08
1790000879.000,-5.0955e-08
1790000880.000,-4.9332e-08
1790000881.000,-5.2809e-08
1790000882.000,-4.7595e-08
1790000883.000,-5.0067e-08
1790000884.000,-5.1255e-08
1790000885.000,-5.1010e-08
1790000886.000,-5.3968e-08
1790000887.000,-5.5616e-08
1790000888.000,-4.7972e-08
1790000889.000,-4.8745e-08
1790000890.000,-4.9092e-08
1790000891.000,-5.3007e-08
1790000892.000,-5.4359e-08
1790000893.000,-5.4488e-08
1790000894.000,-4.8967e-08
1790000895.000,-4.8804e-08
1790000896.000,-5.1802e-08
1790000897.000,-5.4326e-08
1790000898.000,-5.4960e-08
1790000899.000,-5.7273e-08
1790000900.000,-4.9464e-08
1790000901.000,-4.9615e-08
1790000902.000,-5.1541e-08
1790000903.000,-5.3163e-08
1790000904.000,-5.5997e-08
1790000905.000,-5.6764e-08
1790000906.000,-4.9688e-08
1790000907.000,-5.0282e-08
1790000908.000,-4.8884e-08
1790000909.000,-5.4087e-08
1790000910.000,-5.3539e-08
1790000911.000,-5.7551e-08
1790000912.000,-5.0766e-08
1790000913.000,-5.3277e-08
1790000914.000,-5.3232e-08
1790000915.000,-5.2363e-08
1790000916.000,-5.4962e-08
1790000917.000,-5.4851e-08
1790000918.000,-5.0282e-08
1790000919.000,-4.9651e-08
1790000920.000,-5.3064e-08
1790000921.000,-5.2704e-08
1790000922.000,-5.3059e-08
1790000923.000,-5.6627e-08
1790000924.000,-5.1247e-08
1790000925.000,-4.8725e-08
1790000926.000,-5.3331e-08
1790000927.000,-5.4282e-08
1790000928.000,-5.5267e-08
1790000929.000,-5.5201e-08
1790000930.000,-4.8902e-08
1790000931.000,-5.0318e-08
1790000932.000,-5.2884e-08
1790000933.000,-5.4144e-08
1790000934.000,-5.4302e-08
1790000935.000,-5.4739e-08
1790000936.000,-5.1665e-08
1790000937.000,-4.9972e-08
1790000938.000,-5.1728e-08
1790000939.000,-5.3635e-08
1790000940.000,-5.6688e-08
1790000941.000,-5.7289e-08
1790000942.000,-5.0548e-08
1790000943.000,-5.3330e-08
1790000944.000,-5.2612e-08
1790000945.000,-5.6022e-08
1790000946.000,-5.5043e-08
1790000947.000,-6.0255e-08
1790000948.000,-5.3653e-08
1790000949.000,-5.5889e-08
1790000950.000,-5.4224e-08
1790000951.000,-5.7683e-08
1790000952.000,-5.9270e-08
1790000953.000,-5.0804e-08
1790000954.000,-5.1383e-08
1790000955.000,-5.5926e-08
1790000956.000,-5.4924e-08
1790000957.000,-5.7469e-08
1790000958.000,-5.1755e-08
1790000959.000,-5.4688e-08
1790000960.000,-5.6515e-08
1790000961.000,-5.6317e-08
1790000962.000,-5.7813e-08
1790000963.000,-5.2350e-08
1790000964.000,-5.4230e-08
1790000965.000,-5.6049e-08
1790000966.000,-5.5741e-08
1790000967.000,-5.6969e-08
1790000968.000,-5.8513e-08
1790000969.000,-5.2230e-08
1790000970.000,-5.5142e-08
1790000971.000,-5.4117e-08
1790000972.000,-5.8767e-08
1790000973.000,-5.8490e-08
1790000974.000,-5.3096e-08
1790000975.000,-5.5341e-08
1790000976.000,-5.6292e-08
1790000977.000,-5.6353e-08
1790000978.000,-5.7201e-08
1790000979.000,-5.1614e-08
1790000980.000,-5.7111e-08
1790000981.000,-5.4318e-08
1790000982.000,-5.9281e-08
1790000983.000,-5.5969e-08
1790000984.000,-5.9642e-08
1790000985.000,-5.3334e-08
1790000986.000,-5.3900e-08
1790000987.000,-5.7087e-08
1790000988.000,-5.8607e-08
1790000989.000,-6.0458e-08
1790000990.000,-5.3397e-08
1790000991.000,-5.5186e-08
1790000992.000,-5.6659e-08
1790000993.000,-6.2553e-08
1790000994.000,-6.0211e-08
1790000995.000,-5.5647e-08
1790000996.000,-5.2155e-08
1790000997.000,-5.6068e-08
1790000998.000,-5.7501e-08
1790000999.000,-5.9518e-08
1790001000.000,-5.2862e-08
1790001001.000,-5.6327e-08
1790001002.000,-5.5917e-08
1790001003.000,-5.7372e-08
1790001004.000,-5.9809e-08
1790001005.000,-5.2620e-08
1790001006.000,-5.3794e-08
1790001007.000,-5.6708e-08
1790001008.000,-5.9572e-08
1790001009.000,-5.8833e-08
1790001010.000,-5.1573e-08
1790001011.000,-5.6531e-08
1790001012.000,-5.5246e-08
1790001013.000,-5.7943e-08
1790001014.000,-5.9190e-08
1790001015.000,-5.2504e-08
1790001016.000,-5.6444e-08
1790001017.000,-5.6482e-08
1790001018.000,-5.7267e-08
1790001019.000,-5.8529e-08
1790001020.000,-5.2935e-08
1790001021.000,-5.6852e-08
1790001022.000,-5.7164e-08
1790001023.000,-5.9434e-08
1790001024.000,-6.0655e-08
1790001025.000,-5.3023e-08
1790001026.000,-5.7710e-08
1790001027.000,-5.7072e-08
1790001028.000,-5.8830e-08
1790001029.000,-6.2260e-08
1790001030.000,-5.3358e-08
1790001031.000,-5.6984e-08
1790001032.000,-5.7788e-08
1790001033.000,-6.2531e-08
1790001034.000,-5.9763e-08
1790001035.000,-5.5038e-08
1790001036.000,-5.6646e-08
1790001037.000,-5.6185e-08
1790001038.000,-6.1880e-08
1790001039.000,-6.0097e-08
1790001040.000,-5.3492e-08
1790001041.000,-5.8850e-08
1790001042.000,-5.7701e-08
1790001043.000,-6.0095e-08
1790001044.000,-6.2508e-08
1790001045.000,-6.4473e-08
1790001046.000,-5.5605e-08
1790001047.000,-5.6760e-08
1790001048.000,-6.1094e-08
1790001049.000,-6.2540e-08
1790001050.000,-6.1967e-08
1790001051.000,-5.3815e-08
1790001052.000,-6.0196e-08
1790001053.000,-6.1648e-08
1790001054.000,-6.2806e-08
1790001055.000,-6.4445e-08
1790001056.000,-5.5371e-08
1790001057.000,-5.9624e-08
1790001058.000,-5.7243e-08
1790001059.000,-6.1050e-08
1790001060.000,-6.2087e-08
1790001061.000,-5.6123e-08
1790001062.000,-5.9732e-08
1790001063.000,-6.1813e-08
1790001064.000,-6.0564e-08
1790001065.000,-6.1654e-08
1790001066.000,-5.6224e-08
1790001067.000,-5.8256e-08
1790001068.000,-5.9713e-08
1790001069.000,-6.1129e-08
1790001070.000,-6.4570e-08
1790001071.000,-5.6359e-08
1790001072.000,-5.8016e-08
1790001073.000,-6.1858e-08
1790001074.000,-6.4581e-08
1790001075.000,-6.3154e-08
1790001076.000,-5.9036e-08
1790001077.000,-6.1052e-08
1790001078.000,-6.1869e-08
1790001079.000,-6.1200e-08
1790001080.000,-6.3110e-08
1790001081.000,-5.6618e-08
1790001082.000,-5.6163e-08
1790001083.000,-5.9322e-08
1790001084.000,-5.9631e-08
1790001085.000,-6.2928e-08
1790001086.000,-5.5513e-08
1790001087.000,-5.6442e-08
1790001088.000,-5.7601e-08
1790001089.000,-6.1955e-08
1790001090.000,-6.4853e-08
1790001091.000,-5.6907e-08
1790001092.000,-5.7037e-08
1790001093.000,-5.8362e-08
1790001094.000,-6.1892e-08
1790001095.000,-6.3325e-08
1790001096.000,-5.5563e-08
1790001097.000,-5.8934e-08
1790001098.000,-6.0095e-08
1790001099.000,-6.1491e-08
1790001100.000,-6.4623e-08
1790001101.000,-5.9155e-08
1790001102.000,-5.6727e-08
1790001103.000,-6.2108e-08
1790001104.000,-6.4511e-08
1790001105.000,-6.5240e-08
1790001106.000,-5.8378e-08
1790001107.000,-5.9977e-08
1790001108.000,-6.2471e-08
1790001109.000,-6.3223e-08
1790001110.000,-5.5498e-08
1790001111.000,-5.9801e-08
1790001112.000,-6.1002e-08
1790001113.000,-6.1099e-08
1790001114.000,-6.5805e-08
1790001115.000,-5.9769e-08
1790001116.000,-6.0985e-08
1790001117.000,-6.2088e-08
1790001118.000,-6.2655e-08
1790001119.000,-6.7660e-08
1790001120.000,-6.0241e-08
1790001121.000,-6.2562e-08
1790001122.000,-6.4942e-08
1790001123.000,-6.6288e-08
1790001124.000,-5.7553e-08
1790001125.000,-6.0112e-08
1790001126.000,-6.1782e-08
1790001127.000,-6.2854e-08
1790001128.000,-6.4860e-08
1790001129.000,-5.8634e-08
1790001130.000,-5.8451e-08
1790001131.000,-6.1813e-08
1790001132.000,-6.7926e-08
1790001133.000,-6.5605e-08
1790001134.000,-5.8873e-08
1790001135.000,-6.1312e-08
1790001136.000,-6.4458e-08
1790001137.000,-6.6818e-08
1790001138.000,-5.9325e-08
1790001139.000,-6.0443e-08
1790001140.000,-6.1933e-08
1790001141.000,-6.7114e-08
1790001142.000,-6.6390e-08
1790001143.000,-5.8987e-08
1790001144.000,-6.1449e-08
1790001145.000,-6.1291e-08
1790001146.000,-6.7087e-08
1790001147.000,-6.1582e-08
1790001148.000,-6.0842e-08
1790001149.000,-6.1913e-08
1790001150.000,-6.6926e-08
1790001151.000,-5.9578e-08
1790001152.000,-6.1125e-08
1790001153.000,-6.2821e-08
1790001154.000,-6.3683e-08
1790001155.000,-6.4156e-08
1790001156.000,-6.1800e-08
1790001157.000,-6.3370e-08
1790001158.000,-6.6740e-08
1790001159.000,-6.5887e-08
1790001160.000,-6.2291e-08
1790001161.000,-6.2708e-08
1790001162.000,-6.4352e-08
1790001163.000,-6.5342e-08
1790001164.000,-6.1169e-08
1790001165.000,-6.3744e-08
1790001166.000,-6.6046e-08
1790001167.000,-6.6075e-08
1790001168.000,-6.1821e-08
1790001169.000,-6.3456e-08
1790001170.000,-6.4721e-08
1790001171.000,-6.6160e-08
1790001172.000,-6.0469e-08
1790001173.000,-6.5716e-08
1790001174.000,-6.7407e-08
1790001175.000,-6.7648e-08
1790001176.000,-6.1477e-08
1790001177.000,-6.4002e-08
1790001178.000,-6.4794e-08
1790001179.000,-6.6643e-08
1790001180.000,-6.2725e-08
1790001181.000,-6.4376e-08
1790001182.000,-6.5326e-08
1790001183.000,-6.7758e-08
1790001184.000,-6.4170e-08
1790001185.000,-6.6709e-08
1790001186.000,-6.9471e-08
1790001187.000,-6.9408e-08
1790001188.000,-6.4292e-08
1790001189.000,-6.6413e-08
1790001190.000,-6.9584e-08
1790001191.000,-6.9806e-08
1790001192.000,-6.5645e-08
1790001193.000,-6.7289e-08
1790001194.000,-6.8348e-08
1790001195.000,-6.1457e-08
1790001196.000,-6.4081e-08
1790001197.000,-6.5364e-08
1790001198.000,-6.8331e-08
1790001199.000,-6.2861e-08
1790001200.000,-6.4785e-08
1790001201.000,-6.7470e-08
1790001202.000,-6.8268e-08
1790001203.000,-6.8786e-08
1790001204.000,-6.3332e-08
1790001205.000,-6.5269e-08
1790001206.000,-6.7598e-08
1790001207.000,-6.9764e-08
1790001208.000,-6.3958e-08
1790001209.000,-6.7314e-08
1790001210.000,-6.9344e-08
1790001211.000,-7.1046e-08
1790001212.000,-6.2601e-08
1790001213.000,-6.6547e-08
1790001214.000,-6.7134e-08
1790001215.000,-7.1301e-08
1790001216.000,-6.4200e-08
1790001217.000,-6.7091e-08
1790001218.000,-6.7032e-08
1790001219.000,-6.7504e-08
1790001220.000,-6.5295e-08
1790001221.000,-6.5368e-08
1790001222.000,-6.8684e-08
1790001223.000,-6.8759e-08
1790001224.000,-6.1503e-08
1790001225.000,-6.6243e-08
1790001226.000,-6.6290e-08
1790001227.000,-6.9591e-08
1790001228.000,-7.2122e-08
1790001229.000,-6.5757e-08
1790001230.000,-6.5751e-08
1790001231.000,-6.8524e-08
1790001232.000,-7.0935e-08
1790001233.000,-6.4959e-08
1790001234.000,-6.7451e-08
1790001235.000,-6.7713e-08
1790001236.000,-6.7832e-08
1790001237.000,-6.4573e-08
1790001238.000,-6.7634e-08
1790001239.000,-6.7926e-08
1790001240.000,-6.9705e-08
1790001241.000,-7.1003e-08
1790001242.000,-6.7807e-08
1790001243.000,-6.7855e-08
1790001244.000,-7.1148e-08
1790001245.000,-7.0301e-08
1790001246.000,-6.5017e-08
1790001247.000,-6.8021e-08
1790001248.000,-7.1207e-08
1790001249.000,-6.9332e-08
1790001250.000,-6.5816e-08
1790001251.000,-6.6460e-08
1790001252.000,-7.1856e-08
1790001253.000,-7.1330e-08
1790001254.000,-7.2570e-08
1790001255.000,-7.0100e-08
1790001256.000,-6.9078e-08
1790001257.000,-6.9717e-08
1790001258.000,-7.5059e-08
1790001259.000,-6.7486e-08
1790001260.000,-6.9720e-08
1790001261.000,-7.2162e-08
1790001262.000,-7.4176e-08
1790001263.000,-6.8457e-08
1790001264.000,-7.0169e-08
1790001265.000,-7.1280e-08
1790001266.000,-7.3103e-08
1790001267.000,-6.8736e-08
1790001268.000,-6.9723e-08
1790001269.000,-7.0751e-08
1790001270.000,-7.1283e-08
1790001271.000,-7.3237e-08
1790001272.000,-6.8600e-08
1790001273.000,-7.0424e-08
1790001274.000,-7.4125e-08
1790001275.000,-7.4162e-08
1790001276.000,-7.0305e-08
1790001277.000,-7.0382e-08
1790001278.000,-7.3366e-08
1790001279.000,-7.4541e-08
1790001280.000,-7.5467e-08
1790001281.000,-6.9374e-08
1790001282.000,-7.0007e-08
1790001283.000,-7.3142e-08
1790001284.000,-7.5966e-08
1790001285.000,-6.8543e-08
1790001286.000,-7.3184e-08
1790001287.000,-7.1095e-08
1790001288.000,-7.7657e-08
1790001289.000,-6.8261e-08
1790001290.000,-7.0428e-08
1790001291.000,-7.3707e-08
1790001292.000,-7.5487e-08
1790001293.000,-7.0699e-08
1790001294.000,-7.0745e-08
1790001295.000,-7.2266e-08
1790001296.000,-7.5564e-08
1790001297.000,-6.8462e-08
1790001298.000,-7.0257e-08
1790001299.000,-7.4121e-08
1790001300.000,-7.4255e-08
1790001301.000,-6.8788e-08
1790001302.000,-7.1259e-08
1790001303.000,-7.2409e-08
1790001304.000,-7.4954e-08
1790001305.000,-7.8236e-08
1790001306.000,-7.2086e-08
1790001307.000,-7.3085e-08
1790001308.000,-7.3988e-08
1790001309.000,-7.7210e-08
1790001310.000,-7.1960e-08
1790001311.000,-7.3541e-08
1790001312.000,-7.6955e-08
1790001313.000,-7.6369e-08
1790001314.000,-7.0154e-08
1790001315.000,-7.1955e-08
1790001316.000,-7.4955e-08
1790001317.000,-7.8757e-08
1790001318.000,-7.2240e-08
1790001319.000,-7.4533e-08
1790001320.000,-7.5698e-08
1790001321.000,-7.6527e-08
1790001322.000,-7.5042e-08
1790001323.000,-7.3640e-08
1790001324.000,-7.5839e-08
1790001325.000,-7.7830e-08
1790001326.000,-7.1382e-08
1790001327.000,-7.5228e-08
1790001328.000,-7.5132e-08
1790001329.000,-7.7905e-08
1790001330.000,-7.2577e-08
1790001331.000,-7.4372e-08
1790001332.000,-7.6855e-08
1790001333.000,-7.8275e-08
1790001334.000,-7.1768e-08
1790001335.000,-7.6003e-08
1790001336.000,-7.7053e-08
1790001337.000,-7.9257e-08
1790001338.000,-7.2897e-08
1790001339.000,-7.5233e-08
1790001340.000,-7.9092e-08
1790001341.000,-7.8528e-08
1790001342.000,-7.1783e-08
1790001343.000,-7.6135e-08
1790001344.000,-7.7215e-08
1790001345.000,-8.0370e-08
1790001346.000,-7.3391e-08
1790001347.000,-7.5919e-08
1790001348.000,-7.6480e-08
1790001349.000,-8.0498e-08
1790001350.000,-7.3206e-08
1790001351.000,-7.6971e-08
1790001352.000,-7.8866e-08
1790001353.000,-8.0190e-08
1790001354.000,-7.6402e-08
1790001355.000,-7.7587e-08
1790001356.000,-7.7684e-08
1790001357.000,-8.1587e-08
1790001358.000,-7.6435e-08
1790001359.000,-7.8677e-08
1790001360.000,-7.8864e-08
1790001361.000,-7.3675e-08
1790001362.000,-7.5107e-08
1790001363.000,-8.0735e-08
1790001364.000,-8.0500e-08
1790001365.000,-7.4760e-08
1790001366.000,-7.5171e-08
1790001367.000,-7.7347e-08
1790001368.000,-7.9842e-08
1790001369.000,-7.7302e-08
1790001370.000,-7.6112e-08
1790001371.000,-7.7999e-08
1790001372.000,-8.2575e-08
1790001373.000,-7.5456e-08
1790001374.000,-7.7580e-08
1790001375.000,-8.0739e-08
1790001376.000,-7.4311e-08
1790001377.000,-7.7546e-08
1790001378.000,-7.8680e-08
1790001379.000,-8.1273e-08
1790001380.000,-7.4998e-08
1790001381.000,-7.5189e-08
1790001382.000,-8.0985e-08
1790001383.000,-8.0568e-08
1790001384.000,-7.6068e-08
1790001385.000,-7.8419e-08
1790001386.000,-8.3169e-08
1790001387.000,-7.3741e-08
1790001388.000,-7.8613e-08
1790001389.000,-8.0484e-08
1790001390.000,-8.1950e-08
1790001391.000,-7.6132e-08
1790001392.000,-7.9117e-08
1790001393.000,-7.8692e-08
1790001394.000,-8.1835e-08
1790001395.000,-7.4113e-08
1790001396.000,-8.0209e-08
1790001397.000,-8.2574e-08
1790001398.000,-7.3655e-08
1790001399.000,-7.9892e-08
1790001400.000,-8.0393e-08
1790001401.000,-8.3499e-08
1790001402.000,-7.7852e-08
1790001403.000,-8.1553e-08
1790001404.000,-8.3140e-08
1790001405.000,-7.4352e-08
1790001406.000,-7.8877e-08
1790001407.000,-7.9723e-08
1790001408.000,-8.4757e-08
1790001409.000,-7.8141e-08
1790001410.000,-8.0006e-08
1790001411.000,-8.2374e-08
1790001412.000,-7.7869e-08
1790001413.000,-8.0052e-08
1790001414.000,-8.1280e-08
1790001415.000,-7.6684e-08
1790001416.000,-8.1678e-08
1790001417.000,-8.2723e-08
1790001418.000,-8.5889e-08
1790001419.000,-8.1074e-08
1790001420.000,-8.0536e-08
1790001421.000,-8.2558e-08
1790001422.000,-7.9122e-08
1790001423.000,-8.0919e-08
1790001424.000,-8.0681e-08
1790001425.000,-8.5658e-08
1790001426.000,-7.9992e-08
1790001427.000,-8.1872e-08
1790001428.000,-8.3121e-08
1790001429.000,-7.8508e-08
1790001430.000,-8.0212e-08
1790001431.000,-8.5065e-08
1790001432.000,-8.5378e-08
1790001433.000,-8.1014e-08
1790001434.000,-8.4265e-08
1790001435.000,-8.5100e-08
1790001436.000,-7.7100e-08
1790001437.000,-8.2331e-08
1790001438.000,-8.3810e-08
1790001439.000,-7.9760e-08
1790001440.000,-8.3801e-08
1790001441.000,-8.3606e-08
1790001442.000,-8.7945e-08
1790001443.000,-8.1501e-08
1790001444.000,-8.1324e-08
1790001445.000,-8.8265e-08
1790001446.000,-8.0203e-08
1790001447.000,-8.2460e-08
1790001448.000,-8.5143e-08
1790001449.000,-8.8629e-08
1790001450.000,-8.2213e-08
1790001451.000,-8.6092e-08
1790001452.000,-8.5576e-08
1790001453.000,-8.1754e-08
1790001454.000,-8.2897e-08
1790001455.000,-8.7397e-08
1790001456.000,-8.0617e-08
1790001457.000,-8.3343e-08
1790001458.000,-8.8243e-08
1790001459.000,-7.9564e-08
1790001460.000,-8.0752e-08
1790001461.000,-8.5243e-08
1790001462.000,-8.2717e-08
1790001463.000,-8.4664e-08
1790001464.000,-8.8955e-08
1790001465.000,-8.9806e-08
1790001466.000,-8.1200e-08
1790001467.000,-8.4632e-08
1790001468.000,-8.9589e-08
1790001469.000,-8.4537e-08
1790001470.000,-8.6415e-08
1790001471.000,-8.6951e-08
1790001472.000,-8.2293e-08
1790001473.000,-8.3777e-08
1790001474.000,-8.9033e-08
1790001475.000,-8.2732e-08
1790001476.000,-8.6440e-08
1790001477.000,-8.8518e-08
1790001478.000,-8.3303e-08
1790001479.000,-8.5790e-08
1790001480.000,-8.7356e-08
1790001481.000,-9.1243e-08
1790001482.000,-8.5463e-08
1790001483.000,-8.8925e-08
1790001484.000,-8.8953e-08
1790001485.000,-8.2996e-08
1790001486.000,-8.5325e-08
1790001487.000,-8.9276e-08
1790001488.000,-8.4869e-08
1790001489.000,-8.8570e-08
1790001490.000,-9.1396e-08
1790001491.000,-8.4865e-08
1790001492.000,-8.8832e-08
1790001493.000,-8.9008e-08
1790001494.000,-8.4353e-08
1790001495.000,-8.8949e-08
1790001496.000,-9.0342e-08
1790001497.000,-8.3751e-08
1790001498.000,-8.6029e-08
1790001499.000,-8.9811e-08
1790001500.000,-8.3863e-08
1790001501.000,-8.6956e-08
1790001502.000,-9.0467e-08
1790001503.000,-8.4326e-08
1790001504.000,-8.7024e-08
1790001505.000,-9.0589e-08
1790001506.000,-9.2199e-08
1790001507.000,-8.7085e-08
1790001508.000,-8.9315e-08
1790001509.000,-9.2339e-08
1790001510.000,-8.7052e-08
1790001511.000,-9.1796e-08
1790001512.000,-8.9559e-08
1790001513.000,-8.6181e-08
1790001514.000,-8.9206e-08
1790001515.000,-9.0269e-08
1790001516.000,-8.5866e-08
1790001517.000,-8.9231e-08
1790001518.000,-9.1731e-08
1790001519.000,-8.5081e-08
1790001520.000,-8.9329e-08
1790001521.000,-9.3941e-08
1790001522.000,-8.8828e-08
1790001523.000,-8.7988e-08
1790001524.000,-9.2656e-08
1790001525.000,-8.6407e-08
1790001526.000,-8.9781e-08
1790001527.000,-9.1788e-08
1790001528.000,-8.7988e-08
1790001529.000,-8.9132e-08
1790001530.000,-9.5168e-08
1790001531.000,-8.7460e-08
1790001532.000,-9.1534e-08
1790001533.000,-9.2581e-08
1790001534.000,-8.7182e-08
1790001535.000,-9.0254e-08
1790001536.000,-9.2586e-08
1790001537.000,-8.9569e-08
1790001538.000,-9.1531e-08
1790001539.000,-9.3315e-08
1790001540.000,-8.7453e-08
1790001541.000,-9.0388e-08
1790001542.000,-9.5437e-08
1790001543.000,-8.6592e-08
1790001544.000,-9.0864e-08
1790001545.000,-9.1491e-08
1790001546.000,-8.7250e-08
1790001547.000,-8.9296e-08
1790001548.000,-9.2603e-08
1790001549.000,-8.8476e-08
1790001550.000,-9.0909e-08
1790001551.000,-9.2135e-08
1790001552.000,-8.8266e-08
1790001553.000,-9.2797e-08
1790001554.000,-9.3180e-08
1790001555.000,-8.7619e-08
1790001556.000,-8.9951e-08
1790001557.000,-9.2191e-08
1790001558.000,-8.5324e-08
1790001559.000,-9.2077e-08
1790001560.000,-9.0832e-08
1790001561.000,-8.6881e-08
1790001562.000,-9.0462e-08
1790001563.000,-9.4758e-08
1790001564.000,-8.7788e-08
1790001565.000,-8.9905e-08
1790001566.000,-9.3329e-08
1790001567.000,-8.8545e-08
1790001568.000,-9.1415e-08
1790001569.000,-9.4372e-08
1790001570.000,-9.5356e-08
1790001571.000,-9.0143e-08
1790001572.000,-9.2320e-08
1790001573.000,-9.7195e-08
1790001574.000,-8.9151e-08
1790001575.000,-9.0472e-08
1790001576.000,-9.5957e-08
1790001577.000,-8.9385e-08
1790001578.000,-9.4988e-08
1790001579.000,-9.3244e-08
1790001580.000,-8.9959e-08
1790001581.000,-9.1914e-08
1790001582.000,-9.5755e-08
1790001583.000,-9.2563e-08
1790001584.000,-9.2694e-08
1790001585.000,-9.5889e-08
1790001586.000,-8.9347e-08
1790001587.000,-9.4062e-08
1790001588.000,-9.9325e-08
1790001589.000,-9.0482e-08
1790001590.000,-9.3414e-08
1790001591.000,-9.4831e-08
1790001592.000,-9.1329e-08
1790001593.000,-9.3483e-08
1790001594.000,-9.6079e-08
1790001595.000,-9.1259e-08
1790001596.000,-9.2325e-08
1790001597.000,-9.6039e-08
1790001598.000,-9.0917e-08
1790001599.000,-9.3802e-08
1790001600.000,-9.6125e-08
1790001601.000,-8.8632e-08
1790001602.000,-9.3505e-08
1790001603.000,-9.6637e-08
1790001604.000,-9.0508e-08
1790001605.000,-9.2437e-08
1790001606.000,-9.6080e-08
1790001607.000,-9.0291e-08
1790001608.000,-9.2771e-08
1790001609.000,-9.5408e-08
1790001610.000,-9.0781e-08
1790001611.000,-9.5515e-08
1790001612.000,-9.6777e-08
1790001613.000,-9.2240e-08
1790001614.000,-9.3354e-08
1790001615.000,-9.5560e-08
1790001616.000,-9.2320e-08
1790001617.000,-9.3851e-08
1790001618.000,-9.7083e-08
1790001619.000,-9.2605e-08
1790001620.000,-9.3345e-08
1790001621.000,-9.8328e-08
1790001622.000,-9.3296e-08
1790001623.000,-9.6276e-08
1790001624.000,-9.6800e-08
1790001625.000,-9.3753e-08
1790001626.000,-9.6492e-08
1790001627.000,-9.7049e-08
1790001628.000,-9.2718e-08
1790001629.000,-9.6117e-08
1790001630.000,-9.9733e-08
1790001631.000,-9.3287e-08
1790001632.000,-9.7672e-08
1790001633.000,-9.8874e-08
1790001634.000,-9.3826e-08
1790001635.000,-9.6898e-08
1790001636.000,-9.1349e-08
1790001637.000,-9.3664e-08
1790001638.000,-9.9242e-08
1790001639.000,-9.3170e-08
1790001640.000,-9.3706e-08
1790001641.000,-9.7486e-08
1790001642.000,-9.1051e-08
1790001643.000,-9.2752e-08
1790001644.000,-9.5539e-08
1790001645.000,-9.0863e-08
1790001646.000,-9.4523e-08
1790001647.000,-9.5947e-08
1790001648.000,-9.2835e-08
1790001649.000,-9.4593e-08
1790001650.000,-9.7855e-08
1790001651.000,-9.2663e-08
1790001652.000,-9.5668e-08
1790001653.000,-9.6868e-08
1790001654.000,-9.3942e-08
1790001655.000,-9.7186e-08
1790001656.000,-9.6333e-08
1790001657.000,-9.1714e-08
1790001658.000,-9.3916e-08
1790001659.000,-9.7746e-08
1790001660.000,-9.1734e-08
1790001661.000,-9.5559e-08
1790001662.000,-9.8241e-08
1790001663.000,-9.3479e-08
1790001664.000,-9.2705e-08
1790001665.000,-9.8664e-08
1790001666.000,-9.0464e-08
1790001667.000,-9.6478e-08
1790001668.000,-9.8865e-08
1790001669.000,-9.1056e-08
1790001670.000,-9.4512e-08
1790001671.000,-9.7419e-08
1790001672.000,-9.3606e-08
1790001673.000,-9.4031e-08
1790001674.000,-9.8949e-08
1790001675.000,-9.2149e-08
1790001676.000,-9.6025e-08
1790001677.000,-9.5962e-08
1790001678.000,-9.2045e-08
1790001679.000,-9.3471e-08
1790001680.000,-9.7884e-08
1790001681.000,-1.0124e-07
1790001682.000,-9.6726e-08
1790001683.000,-9.7434e-08
1790001684.000,-9.9021e-08
1790001685.000,-9.4408e-08
1790001686.000,-9.8513e-08
1790001687.000,-1.0091e-07
1790001688.000,-9.5497e-08
1790001689.000,-9.7655e-08
1790001690.000,-9.9407e-08
1790001691.000,-9.4622e-08
1790001692.000,-9.6545e-08
1790001693.000,-9.9466e-08
1790001694.000,-9.5911e-08
1790001695.000,-9.7303e-08
1790001696.000,-1.0126e-07
1790001697.000,-9.4550e-08
1790001698.000,-9.6768e-08
1790001699.000,-1.0081e-07
1790001700.000,-9.6063e-08
1790001701.000,-9.6882e-08
1790001702.000,-9.9906e-08
1790001703.000,-9.3056e-08
1790001704.000,-9.7963e-08
1790001705.000,-9.7826e-08
1790001706.000,-9.3680e-08
1790001707.000,-9.8843e-08
1790001708.000,-1.0056e-07
1790001709.000,-9.4471e-08
1790001710.000,-9.7192e-08
1790001711.000,-1.0083e-07
1790001712.000,-9.6688e-08
1790001713.000,-9.7506e-08
1790001714.000,-9.9954e-08
1790001715.000,-9.3621e-08
1790001716.000,-9.6707e-08
1790001717.000,-1.0085e-07
1790001718.000,-9.3175e-08
1790001719.000,-9.7479e-08
1790001720.000,-9.8267e-08
1790001721.000,-1.0251e-07
1790001722.000,-9.7248e-08
1790001723.000,-9.9241e-08
1790001724.000,-1.0099e-07
1790001725.000,-9.6281e-08
1790001726.000,-1.0078e-07
1790001727.000,-1.0067e-07
1790001728.000,-9.7403e-08
1790001729.000,-1.0091e-07
1790001730.000,-1.0399e-07
1790001731.000,-9.5063e-08
1790001732.000,-9.7484e-08
1790001733.000,-1.0267e-07
1790001734.000,-9.7184e-08
1790001735.000,-9.9725e-08
1790001736.000,-1.0390e-07
1790001737.000,-9.7125e-08
1790001738.000,-9.9485e-08
1790001739.000,-9.5452e-08
1790001740.000,-9.7471e-08
1790001741.000,-1.0106e-07
1790001742.000,-9.4163e-08
1790001743.000,-9.9250e-08
1790001744.000,-1.0153e-07
1790001745.000,-9.4182e-08
1790001746.000,-9.8568e-08
1790001747.000,-9.8764e-08
1790001748.000,-9.5580e-08
1790001749.000,-9.7867e-08
1790001750.000,-1.0120e-07
1790001751.000,-9.7611e-08
1790001752.000,-9.8285e-08
1790001753.000,-1.0324e-07
1790001754.000,-9.8674e-08
1790001755.000,-9.9021e-08
1790001756.000,-1.0108e-07
1790001757.000,-9.5561e-08
1790001758.000,-9.9277e-08
1790001759.000,-1.0270e-07
1790001760.000,-9.7441e-08
1790001761.000,-9.9506e-08
1790001762.000,-1.0168e-07
1790001763.000,-9.7615e-08
1790001764.000,-9.9550e-08
1790001765.000,-1.0167e-07
1790001766.000,-9.6326e-08
1790001767.000,-9.9034e-08
1790001768.000,-1.0213e-07
1790001769.000,-9.5898e-08
1790001770.000,-1.0174e-07
1790001771.000,-1.0141e-07
1790001772.000,-9.7995e-08
1790001773.000,-1.0261e-07
1790001774.000,-1.0320e-07
1790001775.000,-9.7698e-08
1790001776.000,-1.0240e-07
1790001777.000,-1.0352e-07
1790001778.000,-1.0090e-07
1790001779.000,-9.8959e-08
1790001780.000,-9.6063e-08
1790001781.000,-9.8527e-08
1790001782.000,-1.0018e-07
1790001783.000,-9.6236e-08
1790001784.000,-1.0059e-07
1790001785.000,-1.0424e-07
1790001786.000,-9.5971e-08
1790001787.000,-9.8695e-08
1790001788.000,-1.0299e-07
1790001789.000,-9.9721e-08
1790001790.000,-9.9695e-08
1790001791.000,-1.0298e-07
1790001792.000,-9.7115e-08
1790001793.000,-1.0165e-07
1790001794.000,-1.0603e-07
1790001795.000,-9.9057e-08
1790001796.000,-1.0031e-07
1790001797.000,-1.0297e-07
1790001798.000,-9.9547e-08
1790001799.000,-1.0268e-07
1790001800.000,-9.9102e-08
